Data,Otwarcie,Najwyzszy,Najnizszy,Zamkniecie,Wolumen
2014-03-04,3.7,3.73,3.68,3.7,10525109
2014-03-05,3.7,3.73,3.69,3.71,10741169
2014-03-06,3.72,3.75,3.71,3.73,10818350
2014-03-07,3.75,4.02,3.75,3.95,55460700
2014-03-10,4.04,4.06,3.8,3.81,42225662
2014-03-11,3.86,4.01,3.83,3.85,34992925
2014-03-12,3.86,3.93,3.85,3.91,14745331
2014-03-13,3.94,3.99,3.84,3.86,19802984
2014-03-14,3.84,3.9,3.82,3.85,18169147
2014-03-17,3.88,3.91,3.78,3.8,20004147
2014-03-18,3.82,3.91,3.81,3.89,15273747
2014-03-19,3.91,4,3.9,3.98,28459309
2014-03-20,3.96,4.05,3.9,4.05,23600569
2014-03-21,4.07,4.14,4.01,4.04,23985330
2014-03-24,4.06,4.14,3.98,4.05,20670291
2014-03-25,4.09,4.12,4.02,4.05,14517030
2014-03-26,4.08,4.1,4.02,4.05,14808600
2014-03-27,3.99,4.07,3.87,3.91,24531987
2014-03-28,3.93,3.97,3.87,3.88,13189192
2014-03-31,3.93,4.02,3.9,4.01,15381972
2014-04-01,4.04,4.1,4.02,4.07,18764952
2014-04-02,4.12,4.12,4.06,4.06,14837291
2014-04-03,4.07,4.1,3.97,4,16798836
2014-04-04,4.03,4.11,3.92,4.01,23414839
2014-04-07,3.98,3.99,3.83,3.88,24826052
2014-04-08,3.89,4,3.83,3.99,17342269
2014-04-09,4.01,4.02,3.95,3.98,11270634
2014-04-10,3.97,4.01,3.84,3.85,21358689
2014-04-11,3.82,3.85,3.65,3.65,34415059
2014-04-14,3.72,3.78,3.65,3.71,22736812
2014-04-15,3.74,3.82,3.72,3.79,21723631
2014-04-16,3.82,3.83,3.73,3.76,18133098
2014-04-17,3.78,3.8,3.69,3.69,31834812
2014-04-21,4.01,4.2,3.96,4.12,102610425
2014-04-22,4.13,4.31,4.11,4.3,52751800
2014-04-23,4.28,4.3,4.16,4.25,29127672
2014-04-24,4.27,4.35,4.2,4.28,27522000
2014-04-25,4.21,4.26,4.04,4.05,37753641
2014-04-28,4.09,4.12,3.87,3.96,31642728
2014-04-29,4.02,4.03,3.96,4.03,14582939
2014-04-30,4,4.1,3.99,4.09,18408156
2014-05-01,4.13,4.24,4.1,4.2,37788275
2014-05-02,4.18,4.2,4.1,4.12,14479512
2014-05-05,4.1,4.14,4.06,4.09,8987850
2014-05-06,4.06,4.13,3.98,4.01,17903809
2014-05-07,4.04,4.04,3.89,3.97,22374880
2014-05-08,3.95,4.03,3.91,3.93,14552485
2014-05-09,3.91,3.93,3.85,3.87,15979791
2014-05-12,3.87,4,3.86,3.97,14785612
2014-05-13,3.99,4.09,3.98,4.03,11218870
2014-05-14,4.03,4.06,3.98,3.98,10350787
2014-05-15,3.96,3.98,3.89,3.96,18000950
2014-05-16,3.95,4.05,3.91,4.02,17154153
2014-05-19,4,4.1,3.96,4.09,18174033
2014-05-20,4.09,4.11,4,4.05,15648653
2014-05-21,4.06,4.1,4.05,4.1,13369483
2014-05-22,4.09,4.09,4.01,4.01,11902116
2014-05-23,4.03,4.06,3.97,4.02,9805773
2014-05-27,4.05,4.06,4.03,4.04,6919174
2014-05-28,4.04,4.06,3.99,4,12293821
2014-05-29,4.02,4.06,4.01,4.03,8877728
2014-05-30,4.02,4.03,3.98,4,10030644
2014-06-02,4.03,4.03,3.94,3.97,10861039
2014-06-03,3.96,3.98,3.92,3.94,10852663
2014-06-04,3.93,4.05,3.93,4.04,13267922
2014-06-05,4.04,4.09,4.02,4.08,13723806
2014-06-06,4.09,4.11,4.06,4.06,8470954
2014-06-09,4.05,4.1,4.04,4.07,7596191
2014-06-10,4.1,4.23,4.1,4.2,28309241
2014-06-11,4.18,4.3,4.17,4.29,20581460
2014-06-12,4.33,4.44,4.28,4.29,26670053
2014-06-13,4.36,4.39,4.24,4.28,17736656
2014-06-16,4.26,4.44,4.26,4.44,26182789
2014-06-17,4.41,4.5,4.41,4.47,19442728
2014-06-18,4.5,4.5,4.35,4.4,14691111
2014-06-19,4.42,4.45,4.33,4.36,10887057
2014-06-20,4.34,4.37,4.07,4.1,54687794
2014-06-23,4.06,4.08,3.9,4.01,49638062
2014-06-24,4.01,4.07,3.93,3.94,20380345
2014-06-25,3.95,4,3.94,3.96,13811203
2014-06-26,3.95,4.09,3.94,4.03,21634872
2014-06-27,4.06,4.11,4.04,4.11,16039403
2014-06-30,4.12,4.25,4.08,4.19,25833219
2014-07-01,4.21,4.26,4.17,4.22,29401132
2014-07-02,4.23,4.35,4.22,4.34,20486400
2014-07-03,4.36,4.4,4.14,4.24,22521686
2014-07-07,4.23,4.31,4.21,4.26,21168195
2014-07-08,4.25,4.3,4.1,4.22,41683887
2014-07-09,4.21,4.29,4.2,4.23,18464198
2014-07-10,4.18,4.36,4.14,4.29,39245042
2014-07-11,4.3,4.4,4.29,4.37,22423661
2014-07-14,4.44,4.65,4.39,4.64,72996656
2014-07-15,4.63,4.8,4.41,4.53,156227000
2014-07-16,4.6,4.77,4.57,4.66,61902481
2014-07-17,4.66,4.68,4.5,4.57,50588331
2014-07-18,3.73,3.84,3.67,3.83,137527325
2014-07-21,3.86,3.87,3.75,3.78,34207247
2014-07-22,3.82,3.86,3.78,3.8,33985619
2014-07-23,3.82,3.83,3.75,3.76,31744237
2014-07-24,3.75,3.8,3.71,3.73,27938650
2014-07-25,3.73,3.79,3.69,3.76,31781550
2014-07-28,3.77,3.78,3.68,3.73,31446375
2014-07-29,3.74,3.84,3.73,3.79,36142602
2014-07-30,3.82,3.88,3.77,3.82,42971587
2014-07-31,3.8,3.99,3.78,3.91,112151925
2014-08-01,3.91,4.02,3.87,3.97,33710228
2014-08-04,3.97,4.02,3.93,4,21491629
2014-08-05,3.99,4.11,3.97,4.08,40335412
2014-08-06,4.06,4.14,4.03,4.12,16274466
2014-08-07,4.14,4.2,4.07,4.1,32712281
2014-08-08,4.1,4.15,4.05,4.12,27166947
2014-08-11,4.03,4.19,3.99,4.14,29560659
2014-08-12,4.12,4.14,4.08,4.08,27357169
2014-08-13,4.08,4.15,4.03,4.11,30397187
2014-08-14,4.1,4.17,4.08,4.08,26148059
2014-08-15,4.12,4.14,4.07,4.13,33350187
2014-08-18,4.14,4.22,4.14,4.21,45381525
2014-08-19,4.2,4.3,4.2,4.27,23221505
2014-08-20,4.25,4.32,4.22,4.28,11987556
2014-08-21,4.29,4.29,4.21,4.24,11939849
2014-08-22,4.22,4.28,4.21,4.25,8364666
2014-08-25,4.27,4.27,4.18,4.18,8999467
2014-08-26,4.17,4.22,4.13,4.19,9172618
2014-08-27,4.2,4.21,4.15,4.16,7305774
2014-08-28,4.14,4.19,4.07,4.14,10331890
2014-08-29,4.15,4.19,4.14,4.17,7337111
2014-09-02,4.16,4.25,4.15,4.16,12603414
2014-09-03,4.17,4.23,4.17,4.19,9600619
2014-09-04,4.18,4.25,4.15,4.15,12796439
2014-09-05,4.17,4.19,4.15,4.15,6633243
2014-09-08,4.13,4.18,4.1,4.13,8396768
2014-09-09,4.15,4.16,4.08,4.08,8962828
2014-09-10,4.08,4.11,4.01,4.08,13277589
2014-09-11,4.03,4.08,4.02,4.08,8087351
2014-09-12,4.06,4.11,3.96,3.96,14187748
2014-09-15,3.98,4.02,3.9,3.91,18257027
2014-09-16,3.88,3.9,3.8,3.81,40153747
2014-09-17,3.82,3.88,3.8,3.82,24893928
2014-09-18,3.89,3.94,3.7,3.88,16140681
2014-09-19,3.93,3.94,3.81,3.81,23029956
2014-09-22,3.81,3.83,3.75,3.76,14201379
2014-09-23,3.76,3.79,3.69,3.69,16285681
2014-09-24,3.71,3.75,3.69,3.7,11785476
2014-09-25,3.7,3.72,3.6,3.63,17516783
2014-09-26,3.63,3.67,3.6,3.6,12964485
2014-09-29,3.56,3.66,3.54,3.55,26834494
2014-09-30,3.56,3.58,3.4,3.41,55951819
2014-10-01,3.39,3.42,3.3,3.35,33654922
2014-10-02,3.37,3.44,3.28,3.39,27904465
2014-10-03,3.43,3.46,3.37,3.4,16754894
2014-10-06,3.41,3.44,3.3,3.36,17867284
2014-10-07,3.33,3.38,3.28,3.28,17720417
2014-10-08,3.3,3.31,3.18,3.28,27925666
2014-10-09,3.03,3.2,2.94,2.95,69496637
2014-10-10,2.95,2.95,2.71,2.72,41034509
2014-10-13,2.78,2.85,2.73,2.74,38217506
2014-10-14,2.61,2.75,2.6,2.62,39957606
2014-10-15,2.62,2.7,2.54,2.61,36922278
2014-10-16,2.56,2.72,2.54,2.64,38740212
2014-10-17,2.68,2.86,2.66,2.72,75954037
2014-10-20,2.79,2.8,2.6,2.67,28714300
2014-10-21,2.7,2.78,2.68,2.77,24032734
2014-10-22,2.79,2.79,2.64,2.64,23007306
2014-10-23,2.7,2.71,2.65,2.69,23730959
2014-10-24,2.69,2.73,2.67,2.68,11945852
2014-10-27,2.68,2.71,2.65,2.66,13307480
2014-10-28,2.69,2.77,2.67,2.72,22879277
2014-10-29,2.75,2.81,2.73,2.77,15601066
2014-10-30,2.79,2.79,2.7,2.75,13026110
2014-10-31,2.79,2.83,2.75,2.8,14704783
2014-11-03,2.81,2.9,2.81,2.87,11738620
2014-11-04,2.9,2.91,2.75,2.83,12524608
2014-11-05,2.85,2.87,2.77,2.8,9635141
2014-11-06,2.78,2.8,2.75,2.76,8932899
2014-11-07,2.77,2.8,2.76,2.78,7293780
2014-11-10,2.78,2.81,2.75,2.76,12591423
2014-11-11,2.78,2.79,2.72,2.73,8113460
2014-11-12,2.73,2.75,2.65,2.71,15873150
2014-11-13,2.71,2.74,2.65,2.66,10908428
2014-11-14,2.68,2.7,2.61,2.61,12370575
2014-11-17,2.62,2.69,2.61,2.67,12593212
2014-11-18,2.69,2.73,2.63,2.65,14975259
2014-11-19,2.68,2.68,2.61,2.63,10322756
2014-11-20,2.6,2.72,2.59,2.69,15043856
2014-11-21,2.72,2.77,2.71,2.77,11310880
2014-11-24,2.8,2.85,2.8,2.83,12292891
2014-11-25,2.84,2.86,2.76,2.83,11073557
2014-11-26,2.81,2.84,2.8,2.84,10560747
2014-11-28,2.85,2.85,2.77,2.79,5665011
2014-12-01,2.77,2.79,2.64,2.67,16015936
2014-12-02,2.69,2.71,2.61,2.68,12438764
2014-12-03,2.71,2.82,2.69,2.74,18257992
2014-12-04,2.75,2.75,2.66,2.69,15542175
2014-12-05,2.69,2.7,2.66,2.66,9475795
2014-12-08,2.65,2.68,2.52,2.58,25394055
2014-12-09,2.55,2.59,2.49,2.59,22924905
2014-12-10,2.58,2.58,2.46,2.48,17686696
2014-12-11,2.49,2.54,2.46,2.49,10151258
2014-12-12,2.46,2.55,2.35,2.52,21209623
2014-12-15,2.52,2.6,2.46,2.47,19628508
2014-12-16,2.44,2.53,2.42,2.5,17049331
2014-12-17,2.5,2.57,2.46,2.55,12521460
2014-12-18,2.58,2.59,2.54,2.55,12423873
2014-12-19,2.53,2.57,2.51,2.57,14700400
2014-12-22,2.55,2.68,2.52,2.66,15035905
2014-12-23,2.69,2.72,2.66,2.67,8276449
2014-12-24,2.63,2.7,2.63,2.65,4624005
2014-12-26,2.65,2.69,2.65,2.65,4028105
2014-12-29,2.64,2.66,2.63,2.66,8526993
2014-12-30,2.63,2.7,2.63,2.63,7779509
2014-12-31,2.64,2.7,2.64,2.67,11176816
2015-01-02,2.7,2.73,2.64,2.69,8308255
2015-01-05,2.67,2.7,2.64,2.66,8878177
2015-01-06,2.65,2.66,2.55,2.63,13916644
2015-01-07,2.64,2.65,2.54,2.58,12375554
2015-01-08,2.59,2.64,2.56,2.61,11134276
2015-01-09,2.63,2.64,2.58,2.63,8907618
2015-01-12,2.62,2.64,2.55,2.63,9977017
2015-01-13,2.61,2.68,2.6,2.66,17900953
2015-01-14,2.6,2.66,2.58,2.63,9989420
2015-01-15,2.62,2.65,2.49,2.52,17742034
2015-01-16,2.52,2.53,2.39,2.39,30189272
2015-01-20,2.4,2.43,2.19,2.24,52423249
2015-01-21,2.18,2.45,2.14,2.45,46729432
2015-01-22,2.42,2.5,2.37,2.47,42441196
2015-01-23,2.48,2.5,2.43,2.45,10905862
2015-01-26,2.44,2.64,2.44,2.61,36570106
2015-01-27,2.57,2.84,2.56,2.7,51803747
2015-01-28,2.71,2.75,2.6,2.63,24442553
2015-01-29,2.63,2.69,2.51,2.61,17790203
2015-01-30,2.56,2.6,2.51,2.57,12908182
2015-02-02,2.69,2.75,2.65,2.67,25656119
2015-02-03,2.7,2.8,2.68,2.76,22590086
2015-02-04,2.78,2.92,2.76,2.85,34829278
2015-02-05,2.88,3.37,2.87,3.31,73317100
2015-02-06,3.2,3.21,3,3.03,38295109
2015-02-09,3.03,3.07,2.93,3.04,24128573
2015-02-10,3.07,3.1,3.01,3.04,13993862
2015-02-11,3.03,3.1,3,3.07,11740588
2015-02-12,3.08,3.15,3.05,3.12,12973194
2015-02-13,3.13,3.18,3.11,3.15,9625055
2015-02-17,3.16,3.17,3.08,3.11,8677624
2015-02-18,3.11,3.13,3.06,3.08,7282617
2015-02-19,3.06,3.08,3.01,3.06,6566634
2015-02-20,3.04,3.13,3.02,3.06,10667474
2015-02-23,3.05,3.1,3.03,3.06,6322036
2015-02-24,3.06,3.12,3.02,3.11,10901795
2015-02-25,3.09,3.14,3.06,3.1,6151341
2015-02-26,3.1,3.125,3.06,3.08,8680872
2015-02-27,3.08,3.12,3.07,3.11,7149249
2015-03-02,3.12,3.23,3.11,3.21,15638000
2015-03-03,3.21,3.23,3.13,3.14,8645000
2015-03-04,3.14,3.14,3.01,3.05,12122100
2015-03-05,3.09,3.1,2.98,2.98,11472200
2015-03-06,2.96,2.99,2.83,2.92,16785200
2015-03-09,2.92,2.98,2.9,2.93,12405900
2015-03-10,2.97,2.98,2.92,2.92,10312300
2015-03-11,2.92,2.94,2.8,2.84,11772800
2015-03-12,2.76,2.79,2.71,2.76,13847100
2015-03-13,2.74,2.78,2.71,2.75,8099000
2015-03-16,2.76,2.81,2.75,2.76,6132800
2015-03-17,2.75,2.8,2.74,2.77,7742200
2015-03-18,2.77,2.82,2.72,2.75,11385100
2015-03-19,2.76,2.78,2.73,2.74,8819400
2015-03-20,2.76,2.8,2.74,2.8,10764700
2015-03-23,2.81,2.85,2.8,2.84,7450200
2015-03-24,2.85,2.85,2.76,2.79,8724500
2015-03-25,2.78,2.79,2.56,2.63,26985200
2015-03-26,2.59,2.7,2.53,2.65,28286300
2015-03-27,2.7,2.8,2.63,2.72,16844000
2015-03-30,2.73,2.76,2.65,2.7,8558200
2015-03-31,2.66,2.7,2.65,2.68,7025016
2015-04-01,2.66,2.75,2.65,2.69,11240500
2015-04-02,2.66,2.7,2.65,2.69,7047500
2015-04-06,2.68,2.73,2.68,2.7,8178500
2015-04-07,2.7,2.74,2.69,2.7,5729558
2015-04-08,2.69,2.74,2.68,2.71,4348900
2015-04-09,2.69,2.75,2.69,2.72,7121836
2015-04-10,2.74,2.78,2.73,2.76,6184800
2015-04-13,2.75,2.8,2.73,2.78,8391500
2015-04-14,2.77,2.79,2.65,2.67,13364100
2015-04-15,2.7,2.74,2.65,2.7,15273420
2015-04-16,2.72,2.94,2.7,2.87,28617316
2015-04-17,2.54,2.58,2.45,2.58,53185200
2015-04-20,2.56,2.57,2.45,2.49,29164187
2015-04-21,2.52,2.53,2.35,2.35,31260156
2015-04-22,2.35,2.36,2.25,2.28,27624441
2015-04-23,2.28,2.36,2.26,2.33,15130400
2015-04-24,2.36,2.38,2.3,2.3,15001242
2015-04-27,2.3,2.36,2.29,2.34,13486800
2015-04-28,2.36,2.37,2.31,2.31,11448708
2015-04-29,2.3,2.33,2.27,2.28,11870200
2015-04-30,2.28,2.31,2.26,2.26,11465300
2015-05-01,2.26,2.31,2.25,2.31,11662800
2015-05-04,2.32,2.36,2.3,2.31,9670000
2015-05-05,2.34,2.34,2.25,2.28,12371500
2015-05-06,2.29,2.31,2.24,2.29,18491898
2015-05-07,2.31,2.32,2.26,2.32,15015105
2015-05-08,2.34,2.36,2.3,2.31,9758800
2015-05-11,2.31,2.35,2.31,2.32,10046900
2015-05-12,2.32,2.35,2.3,2.35,10017534
2015-05-13,2.36,2.38,2.35,2.37,7575944
2015-05-14,2.38,2.39,2.33,2.33,8865000
2015-05-15,2.33,2.38,2.32,2.32,8053112
2015-05-18,2.35,2.36,2.33,2.35,4729781
2015-05-19,2.36,2.37,2.28,2.28,9588414
2015-05-20,2.3,2.33,2.28,2.32,6947688
2015-05-21,2.31,2.35,2.28,2.28,7127700
2015-05-22,2.3,2.31,2.27,2.28,12845400
2015-05-26,2.27,2.28,2.22,2.22,10006606
2015-05-27,2.24,2.28,2.2,2.28,17511000
2015-05-28,2.28,2.33,2.27,2.27,12175111
2015-05-29,2.27,2.32,2.25,2.28,7750400
2015-06-01,2.29,2.3,2.25,2.25,6803664
2015-06-02,2.26,2.3,2.25,2.3,7103322
2015-06-03,2.3,2.32,2.28,2.28,8062300
2015-06-04,2.28,2.33,2.26,2.33,11575800
2015-06-05,2.31,2.34,2.29,2.33,7349600
2015-06-08,2.31,2.33,2.29,2.31,6212800
2015-06-09,2.34,2.36,2.28,2.29,12282655
2015-06-10,2.31,2.35,2.3,2.32,8161174
2015-06-11,2.34,2.35,2.31,2.32,7671031
2015-06-12,2.31,2.33,2.3,2.31,4553400
2015-06-15,2.32,2.35,2.29,2.32,8627800
2015-06-16,2.32,2.37,2.32,2.35,9795000
2015-06-17,2.37,2.54,2.35,2.47,27497800
2015-06-18,2.5,2.59,2.48,2.52,25400100
2015-06-19,2.53,2.59,2.46,2.58,25551600
2015-06-22,2.61,2.67,2.58,2.62,19410100
2015-06-23,2.62,2.64,2.55,2.61,17919551
2015-06-24,2.6,2.66,2.57,2.62,17516700
2015-06-25,2.62,2.66,2.57,2.58,18360100
2015-06-26,2.54,2.55,2.37,2.47,97054200
2015-06-29,2.41,2.42,2.31,2.34,22971500
2015-06-30,2.43,2.43,2.35,2.4,19381262
2015-07-01,2.47,2.48,2.36,2.42,19374900
2015-07-02,2.43,2.63,2.39,2.53,31185900
2015-07-06,2.46,2.54,2.44,2.47,20349300
2015-07-07,2.04,2.14,2.02,2.09,46418600
2015-07-08,2.07,2.07,2.01,2.01,15302900
2015-07-09,2.04,2.06,1.93,1.98,23378100
2015-07-10,2,2.03,1.95,1.96,17520800
2015-07-13,1.96,1.99,1.95,1.96,9080900
2015-07-14,2.03,2.06,1.97,2.05,15809522
2015-07-15,2.07,2.09,1.95,1.96,13515994
2015-07-16,1.97,2,1.87,1.87,20653200
2015-07-17,1.87,1.9,1.74,1.79,28127000
2015-07-20,1.82,1.84,1.77,1.8,12142300
2015-07-21,1.82,1.83,1.78,1.8,15034400
2015-07-22,1.8,1.81,1.76,1.79,16043300
2015-07-23,1.8,1.81,1.75,1.76,10641800
2015-07-24,1.76,1.77,1.65,1.67,16478300
2015-07-27,1.67,1.7,1.61,1.62,11916400
2015-07-28,1.62,1.77,1.62,1.77,14614500
2015-07-29,1.77,1.99,1.76,1.96,25582209
2015-07-30,1.94,1.99,1.88,1.93,15837900
2015-07-31,1.94,1.99,1.92,1.93,7733600
2015-08-03,1.93,2.2,1.9,2.2,26209714
2015-08-04,2.18,2.18,2.05,2.13,14328400
2015-08-05,2.11,2.21,2.1,2.16,13236000
2015-08-06,2.15,2.17,2.1,2.11,9475686
2015-08-07,2.1,2.14,2.06,2.09,7680800
2015-08-10,1.92,1.98,1.82,1.93,29926100
2015-08-11,1.91,1.93,1.88,1.9,7478978
2015-08-12,1.88,1.93,1.84,1.9,8527700
2015-08-13,1.9,1.91,1.79,1.79,7839700
2015-08-14,1.8,1.85,1.79,1.84,6183300
2015-08-17,1.82,1.88,1.79,1.8,9062400
2015-08-18,1.79,1.82,1.75,1.8,9751900
2015-08-19,1.8,1.81,1.76,1.8,7441100
2015-08-20,1.79,1.8,1.7,1.7,13745600
2015-08-21,1.68,1.8,1.68,1.78,12529400
2015-08-24,1.69,1.83,1.65,1.75,17217369
2015-08-25,1.81,1.82,1.66,1.66,12097600
2015-08-26,1.69,1.73,1.66,1.72,10715200
2015-08-27,1.74,1.84,1.74,1.78,11839200
2015-08-28,1.75,1.87,1.75,1.85,10924500
2015-08-31,1.82,1.87,1.79,1.81,6516000
2015-09-01,1.77,1.82,1.71,1.71,8470700
2015-09-02,1.75,1.77,1.72,1.77,6306100
2015-09-03,1.76,1.85,1.76,1.79,7154300
2015-09-04,1.76,1.84,1.76,1.82,6725200
2015-09-08,1.85,1.88,1.83,1.88,6009400
2015-09-09,1.9,1.97,1.83,1.85,12612200
2015-09-10,1.84,1.88,1.83,1.84,4290423
2015-09-11,1.88,2.14,1.81,2.01,31010200
2015-09-14,2,2,1.81,1.82,16458500
2015-09-15,1.84,1.87,1.81,1.86,6524300
2015-09-16,1.87,1.9,1.85,1.89,4928200
2015-09-17,1.9,1.94,1.87,1.89,5831567
2015-09-18,1.87,1.92,1.85,1.87,11814000
2015-09-21,1.87,1.9,1.81,1.81,5377700
2015-09-22,1.8,1.84,1.72,1.73,9975100
2015-09-23,1.76,1.775,1.69,1.7,9649200
2015-09-24,1.68,1.73,1.66,1.72,11246491
2015-09-25,1.75,1.75,1.68,1.71,5644600
2015-09-28,1.69,1.7,1.66,1.66,5689534
2015-09-29,1.67,1.69,1.65,1.67,7005300
2015-09-30,1.7,1.72,1.68,1.72,5739400
2015-10-01,1.77,1.77,1.72,1.74,5531700
2015-10-02,1.76,1.83,1.72,1.83,7146000
2015-10-05,1.82,1.87,1.77,1.8,7595560
2015-10-06,1.8,1.86,1.8,1.83,8665400
2015-10-07,1.82,1.87,1.82,1.86,7859214
2015-10-08,1.87,1.95,1.85,1.93,9198600
2015-10-09,1.92,1.96,1.89,1.96,8625800
2015-10-12,1.96,1.96,1.85,1.87,7687701
2015-10-13,1.87,1.94,1.86,1.92,6698400
2015-10-14,1.92,1.96,1.92,1.95,10184322
2015-10-15,1.97,2.06,1.95,1.97,27327100
2015-10-16,2,2,1.89,1.94,21544800
2015-10-19,1.91,2.01,1.91,2.01,10670760
2015-10-20,2,2.03,1.97,2.02,5584188
2015-10-21,2.02,2.12,2.01,2.1,14966400
2015-10-22,2.1,2.16,2.09,2.14,8208400
2015-10-23,2.1,2.21,2.1,2.21,9564200
2015-10-26,2.21,2.21,2.12,2.15,6313400
2015-10-27,2.12,2.16,2.1,2.15,5755500
2015-10-28,2.14,2.2,2.12,2.18,6950600
2015-10-29,2.15,2.18,2.11,2.13,4500400
2015-10-30,2.14,2.15,2.12,2.12,4897100
2015-11-02,2.13,2.19,2.11,2.19,5858746
2015-11-03,2.16,2.29,2.16,2.28,8705832
2015-11-04,2.27,2.3,2.18,2.2,8205318
2015-11-05,2.21,2.24,2.17,2.2,4302100
2015-11-06,2.19,2.21,2.13,2.15,8997100
2015-11-09,2.15,2.18,2.1,2.11,6231734
2015-11-10,2.09,2.1,2.02,2.02,6162100
2015-11-11,2.02,2.09,2.02,2.07,3532000
2015-11-12,2.05,2.07,2,2,3576800
2015-11-13,1.99,2.04,1.94,1.99,5920100
2015-11-16,1.99,2.02,1.95,1.99,4149600
2015-11-17,2.01,2.04,1.97,1.98,5825000
2015-11-18,1.99,2.15,1.98,2.12,9384600
2015-11-19,2.1,2.16,2.09,2.14,4704259
2015-11-20,2.14,2.25,2.13,2.22,10727000
2015-11-23,2.22,2.24,2.18,2.22,4863200
2015-11-24,2.2,2.4,2.17,2.34,15858600
2015-11-25,2.36,2.39,2.31,2.38,6915200
2015-11-27,2.37,2.38,2.32,2.33,2606500
2015-11-30,2.34,2.37,2.25,2.36,9924400
2015-12-01,2.36,2.37,2.31,2.34,5646364
2015-12-02,2.31,2.335,2.23,2.27,7501680
2015-12-03,2.25,2.31,2.2,2.23,7055734
2015-12-04,2.23,2.29,2.21,2.28,4573500
2015-12-07,2.26,2.36,2.21,2.36,8479500
2015-12-08,2.34,2.4,2.25,2.39,9056162
2015-12-09,2.37,2.4,2.32,2.35,8709900
2015-12-10,2.36,2.5,2.33,2.45,13069400
2015-12-11,2.41,2.47,2.36,2.36,11890000
2015-12-14,2.36,2.39,2.3,2.34,7697691
2015-12-15,2.35,2.43,2.32,2.36,7423800
2015-12-16,2.39,2.55,2.37,2.54,19543500
2015-12-17,2.52,2.6,2.52,2.56,11374000
2015-12-18,2.51,2.55,2.42,2.45,17988100
2015-12-21,2.47,2.53,2.43,2.53,6876500
2015-12-22,2.55,2.78,2.54,2.77,24893156
2015-12-23,2.76,2.94,2.75,2.83,30365300
2015-12-24,2.88,3,2.86,2.92,11900888
2015-12-28,2.91,3.02,2.86,3,16050492
2015-12-29,3.04,3.06,2.97,3,15300911
2015-12-30,2.99,3.04,2.93,2.98,8967190
2015-12-31,2.97,3.01,2.87,2.87,10555000
2016-01-04,2.77,2.82,2.63,2.77,31607294
2016-01-05,2.77,2.8,2.64,2.75,12807364
2016-01-06,2.66,2.71,2.47,2.505,21880786
2016-01-07,2.43,2.48,2.26,2.275,21530043
2016-01-08,2.36,2.425,2.1,2.14,31296413
2016-01-11,2.16,2.36,2.12,2.34,19629314
2016-01-12,2.4,2.46,2.28,2.39,17605422
2016-01-13,2.4,2.45,2.21,2.25,12616304
2016-01-14,2.29,2.35,2.21,2.21,15459694
2016-01-15,2.1,2.13,1.99,2.03,20681613
2016-01-19,2.08,2.11,1.9,1.95,18978800
2016-01-20,1.81,1.95,1.75,1.8,28910129
2016-01-21,1.82,2.18,1.81,2.09,25690658
2016-01-22,2.11,2.17,1.98,2.02,15642270
2016-01-25,2.01,2.15,2.01,2.12,12765014
2016-01-26,2.14,2.15,2.03,2.07,10604746
2016-01-27,2.08,2.18,2.07,2.13,10331703
2016-01-28,2.16,2.17,2.07,2.08,6815525
2016-01-29,2.09,2.2,2.07,2.2,10949637
2016-02-01,2.17,2.19,2.11,2.14,8552027
2016-02-02,2.11,2.14,1.96,1.99,10938545
2016-02-03,2.04,2.075,1.95,2.07,9560486
2016-02-04,2.06,2.17,2.03,2.09,8218756
2016-02-05,2.06,2.075,1.98,1.98,7742193
2016-02-08,1.97,1.98,1.87,1.93,10916620
2016-02-09,1.89,1.995,1.85,1.9,12718538
2016-02-10,1.92,1.98,1.83,1.84,9318138
2016-02-11,1.82,1.94,1.81,1.86,7614330
2016-02-12,1.89,1.91,1.82,1.83,9726079
2016-02-16,1.86,1.9,1.82,1.83,11644154
2016-02-17,1.85,1.94,1.85,1.9,13643005
2016-02-18,1.93,1.98,1.9,1.91,10167097
2016-02-19,1.93,1.93,1.83,1.91,7610603
2016-02-22,1.94,2.04,1.925,2.01,9528768
2016-02-23,2.04,2.06,1.97,1.97,6536539
2016-02-24,1.98,2.04,1.93,2.02,6790739
2016-02-25,2.02,2.04,1.98,2.03,5469430
2016-02-26,2.04,2.1,2.03,2.07,7772055
2016-02-29,2.06,2.15,2.05,2.14,10342976
2016-03-01,2.16,2.2,2.12,2.18,8824190
2016-03-02,2.2,2.33,2.18,2.32,10635569
2016-03-03,2.32,2.55,2.295,2.46,21747295
2016-03-04,2.42,2.5,2.34,2.37,14829560
2016-03-07,2.36,2.47,2.36,2.47,8603471
2016-03-08,2.44,2.46,2.3,2.3,9280938
2016-03-09,2.32,2.35,2.2,2.26,12860350
2016-03-10,2.29,2.31,2.15,2.26,9625514
2016-03-11,2.29,2.54,2.29,2.52,21100786
2016-03-14,2.53,2.75,2.5,2.72,33848017
2016-03-15,2.67,2.69,2.45,2.49,21573551
2016-03-16,2.5,2.64,2.49,2.63,13015657
2016-03-17,2.77,2.81,2.7,2.8,29000838
2016-03-18,2.8,2.93,2.77,2.93,26330503
2016-03-21,2.9,2.9,2.75,2.8,13464942
2016-03-22,2.73,2.85,2.71,2.79,10315800
2016-03-23,2.8,2.825,2.68,2.68,10167129
2016-03-24,2.69,2.81,2.62,2.79,10040161
2016-03-28,2.81,2.84,2.73,2.78,7586827
2016-03-29,2.74,2.88,2.7,2.86,13381818
2016-03-30,2.88,2.98,2.85,2.86,14756019
2016-03-31,2.84,2.88,2.8,2.85,8478863
2016-04-01,2.79,2.88,2.76,2.83,8125187
2016-04-04,2.83,2.87,2.8,2.83,5462320
2016-04-05,2.76,2.84,2.72,2.76,9095445
2016-04-06,2.75,2.8,2.72,2.8,12194676
2016-04-07,2.76,2.83,2.61,2.64,12722390
2016-04-08,2.7,2.76,2.68,2.74,8384149
2016-04-11,2.76,2.82,2.74,2.76,8942554
2016-04-12,2.79,2.85,2.76,2.81,15971366
2016-04-13,2.78,2.82,2.73,2.8,7790622
2016-04-14,2.77,2.79,2.7,2.72,8791160
2016-04-15,2.72,2.75,2.68,2.7,7344249
2016-04-18,2.67,2.8,2.65,2.76,8786582
2016-04-19,2.78,2.78,2.61,2.62,11225637
2016-04-20,2.62,2.72,2.61,2.7,7797752
2016-04-21,2.65,2.7,2.6,2.62,10688952
2016-04-22,3.19,3.99,3.18,3.99,141648417
2016-04-25,3.81,3.82,3.31,3.45,79856373
2016-04-26,3.45,3.75,3.44,3.66,36026619
2016-04-27,3.55,3.75,3.53,3.73,23714909
2016-04-28,3.69,3.8,3.6,3.6,19674435
2016-04-29,3.69,3.69,3.45,3.55,16837974
2016-05-02,3.58,3.75,3.57,3.74,16691890
2016-05-03,3.7,3.71,3.58,3.6,13546635
2016-05-04,3.54,3.67,3.54,3.6,8440121
2016-05-05,3.64,3.8,3.605,3.66,21408581
2016-05-06,3.65,3.75,3.64,3.68,11650227
2016-05-09,3.66,3.68,3.45,3.64,15914461
2016-05-10,3.66,3.68,3.56,3.64,9256512
2016-05-11,3.61,3.68,3.6,3.65,7290910
2016-05-12,3.65,3.68,3.55,3.59,9042725
2016-05-13,3.56,3.73,3.55,3.67,16330731
2016-05-16,3.67,3.85,3.65,3.79,14490464
2016-05-17,3.8,3.98,3.69,3.79,19490225
2016-05-18,3.79,3.97,3.77,3.84,19353092
2016-05-19,3.83,3.85,3.69,3.77,17472058
2016-05-20,3.83,3.9,3.81,3.87,13557423
2016-05-23,3.9,4.2,3.88,4.04,34336294
2016-05-24,4.09,4.21,3.92,4.2,33278563
2016-05-25,4.24,4.35,4.15,4.18,24396032
2016-05-26,4.19,4.38,4.17,4.35,21691209
2016-05-27,4.39,4.63,4.37,4.6,33684197
2016-05-31,4.67,4.71,4.5,4.57,24565435
2016-06-01,4.6,4.64,4.38,4.43,28581371
2016-06-02,4.37,4.4,4.07,4.24,34901457
2016-06-03,4.16,4.2,4.08,4.16,17267653
2016-06-06,4.2,4.51,4.17,4.47,20999500
2016-06-07,4.56,4.67,4.47,4.51,20070027
2016-06-08,4.54,4.56,4.38,4.46,15037677
2016-06-09,4.41,4.54,4.315,4.52,15940363
2016-06-10,4.4,4.47,4.3,4.325,14461002
2016-06-13,4.32,4.48,4.32,4.4,13276532
2016-06-14,4.4,4.51,4.33,4.39,16519020
2016-06-15,4.44,4.48,4.32,4.42,11158951
2016-06-16,4.5,4.75,4.455,4.75,33189894
2016-06-17,4.75,5.27,4.68,5.26,62699047
2016-06-20,5.39,5.45,5.09,5.095,42253641
2016-06-21,5.1,5.5,5.09,5.45,35423084
2016-06-22,5.46,5.52,4.96,5.025,46341479
2016-06-23,5.17,5.26,5.05,5.21,26980450
2016-06-24,4.82,5.0675,4.76,4.88,35124935
2016-06-27,4.88,5.05,4.65,4.72,30281748
2016-06-28,4.95,5.185,4.91,5.12,28557439
2016-06-29,5.31,5.4,5.1,5.13,32434392
2016-06-30,5.13,5.19,4.95,5.14,23341948
2016-07-01,5.09,5.14,5,5.07,17795361
2016-07-05,5.03,5.05,4.875,4.96,16050449
2016-07-06,4.91,5.11,4.9,5.04,18679279
2016-07-07,5.07,5.1,4.94,5.02,15606430
2016-07-08,4.84,5.15,4.82,5.1,27475937
2016-07-11,5.13,5.19,5,5,20315682
2016-07-12,5.01,5.17,5.01,5.14,20326313
2016-07-13,5.14,5.19,5.04,5.09,13793419
2016-07-14,5.15,5.235,5.06,5.17,19798561
2016-07-15,5.2,5.2,5.1,5.14,13952883
2016-07-18,5.19,5.57,5.13,5.51,38143742
2016-07-19,5.5,5.55,5.34,5.41,23037203
2016-07-20,5.48,5.5,5.4,5.41,19827092
2016-07-21,5.43,5.45,5.1,5.22,35241470
2016-07-22,5.73,5.97,5.45,5.84,98479005
2016-07-25,5.93,6.95,5.92,6.7,116517474
2016-07-26,6.76,7.1599,6.71,6.98,79149414
2016-07-27,6.93,6.98,6.68,6.85,38056947
2016-07-28,6.79,6.98,6.735,6.82,27181565
2016-07-29,6.88,6.96,6.75,6.86,21934658
2016-08-01,6.89,6.92,6.57,6.64,26160435
2016-08-02,6.56,6.6,6.15,6.26,40273308
2016-08-03,6.18,6.45,6.15,6.3,23137597
2016-08-04,6.39,6.61,6.37,6.47,22055126
2016-08-05,6.56,6.76,6.47,6.605,19575594
2016-08-08,6.7,6.85,6.65,6.68,21042794
2016-08-09,6.75,6.78,6.54,6.6,16612757
2016-08-10,6.35,6.58,6.25,6.49,28663762
2016-08-11,6.5,6.59,6.46,6.58,12901583
2016-08-12,6.6,6.79,6.55,6.73,24156521
2016-08-15,6.79,6.97,6.78,6.95,27873137
2016-08-16,6.94,6.94,6.65,6.78,23862176
2016-08-17,6.7,6.75,6.61,6.69,13401251
2016-08-18,6.74,7.07,6.725,7.04,29470598
2016-08-19,7.24,8,7.22,7.625,73729201
2016-08-22,7.83,7.95,7.37,7.58,41261447
2016-08-23,7.66,7.74,7.53,7.67,27129387
2016-08-24,7.67,7.67,7.37,7.43,22377462
2016-08-25,7.49,7.49,7.2,7.465,16072697
2016-08-26,7.49,7.8,7.46,7.67,31028989
2016-08-29,7.72,7.79,7.57,7.59,16463971
2016-08-30,7.61,7.64,7.41,7.49,15750906
2016-08-31,7.52,7.52,7.28,7.4,17880040
2016-09-01,7.18,7.44,7.09,7.35,21571469
2016-09-02,7.49,7.64,7.38,7.51,18239521
2016-09-06,7.56,7.6,7.25,7.34,23374520
2016-09-07,7.05,7.07,6.78,6.84,55371016
2016-09-08,6.64,6.65,6.15,6.225,89239281
2016-09-09,6.23,6.24,5.85,5.9,169538825
2016-09-12,5.83,6.065,5.77,5.94,75711411
2016-09-13,5.92,5.95,5.66,5.74,48636474
2016-09-14,5.75,6.0766,5.75,6.04,56577270
2016-09-15,6.09,6.2,5.95,6.02,50471962
2016-09-16,6.22,6.22,5.97,6.05,45746704
2016-09-19,6.12,6.275,6.08,6.16,36838510
2016-09-20,6.23,6.28,6.12,6.17,27649550
2016-09-21,6.2,6.32,6.14,6.29,31500832
2016-09-22,6.35,6.44,6.33,6.37,33627116
2016-09-23,6.31,6.65,6.31,6.55,46205217
2016-09-26,6.54,6.54,6.31,6.32,26153029
2016-09-27,6.45,6.58,6.29,6.54,28896492
2016-09-28,6.57,6.65,6.48,6.59,23904155
2016-09-29,6.57,6.73,6.54,6.67,30439698
2016-09-30,6.7,7.04,6.7,6.91,44216723
2016-10-03,6.95,7.15,6.87,6.95,27716105
2016-10-04,7,7.09,6.89,6.97,24016448
2016-10-05,6.97,7.01,6.7,6.78,29860628
2016-10-06,6.72,6.98,6.63,6.96,26602365
2016-10-07,6.92,6.96,6.62,6.75,30850518
2016-10-10,6.82,6.94,6.8,6.84,13498634
2016-10-11,6.8,6.84,6.38,6.5,30910164
2016-10-12,6.64,6.77,6.42,6.62,32844784
2016-10-13,6.5,6.54,6.24,6.49,29769296
2016-10-14,6.92,7.12,6.74,6.75,64850556
2016-10-17,6.92,6.97,6.64,6.67,23791928
2016-10-18,6.76,6.89,6.69,6.73,23108877
2016-10-19,6.7,6.8,6.57,6.77,28698311
2016-10-20,6.81,6.98,6.77,6.96,53655710
2016-10-21,6.5,6.65,6.37,6.52,61258166
2016-10-24,6.57,7.01,6.54,7.005,52580529
2016-10-25,6.9,7.5,6.87,7.5,76978723
2016-10-26,7.4,7.48,7.26,7.29,46577957
2016-10-27,7.44,7.46,7.1,7.11,36408031
2016-10-28,7.1,7.53,7.02,7.2,75727497
2016-10-31,7.24,7.46,7.2,7.23,42345904
2016-11-01,7.32,7.425,6.92,7.09,39906861
2016-11-02,7.03,7.055,6.67,6.76,33852218
2016-11-03,6.78,6.79,6.56,6.7,33673558
2016-11-04,6.69,6.72,6.46,6.56,32215709
2016-11-07,6.79,6.99,6.7632,6.96,36504295
2016-11-08,6.85,7.18,6.75,7,35736496
2016-11-09,6.7,7.05,6.64,6.94,37805777
2016-11-10,6.82,6.91,6.22,6.295,68402682
2016-11-11,6.64,6.69,6.47,6.685,38687774
2016-11-14,6.83,6.84,6.61,6.79,29596401
2016-11-15,6.82,7.08,6.79,6.97,28909399
2016-11-16,7.09,7.75,7.07,7.67,77006939
2016-11-17,7.79,8.77,7.77,8.46,123511661
2016-11-18,8.68,8.83,8.4,8.71,62075574
2016-11-21,8.87,9.22,8.86,8.94,63808906
2016-11-22,9.05,9.06,8.54,8.69,70632444
2016-11-23,8.72,8.86,8.5,8.8,33865609
2016-11-25,8.8,8.91,8.69,8.77,14013489
2016-11-28,8.72,8.98,8.72,8.83,25267019
2016-11-29,9,9.23,8.85,8.93,53220351
2016-11-30,9.02,9.12,8.9,8.91,34230828
2016-12-01,8.92,9.03,8.26,8.39,56081923
2016-12-02,8.38,8.74,8.38,8.53,41935803
2016-12-05,8.69,8.71,8.45,8.68,30790641
2016-12-06,8.95,9.54,8.82,9.45,90962521
2016-12-07,9.65,9.79,9.24,9.56,51715986
2016-12-08,9.9,10.66,9.8,10.34,103231231
2016-12-09,10.38,10.54,9.87,10.34,59671809
2016-12-12,10.4,10.93,10.38,10.68,61388082
2016-12-13,10.75,10.8,10.4,10.54,45147219
2016-12-14,10.43,10.74,10.27,10.55,46317133
2016-12-15,10.68,10.93,10.64,10.855,47316475
2016-12-16,10.94,11.23,10.595,10.66,65694429
2016-12-19,10.81,11,10.52,10.95,44532188
2016-12-20,11.19,11.51,11.15,11.51,58461253
2016-12-21,11.61,11.72,11.32,11.47,43324021
2016-12-22,11.65,11.75,11.47,11.6,35531537
2016-12-23,11.3,11.6,11.26,11.58,31754113
2016-12-27,11.65,12.08,11.6,12.07,43741116
2016-12-28,12.28,12.42,11.46,11.55,70581117
2016-12-29,11.24,11.62,11.01,11.6,49120656
2016-12-30,11.7,11.78,11.25,11.34,44095368
2017-01-03,11.42,11.65,11.02,11.43,53864365
2017-01-04,11.45,11.5204,11.235,11.43,40017838
2017-01-05,11.43,11.69,11.23,11.24,36949656
2017-01-06,11.29,11.49,11.11,11.32,34128083
2017-01-09,11.37,11.64,11.31,11.49,36877401
2017-01-10,11.55,11.63,11.33,11.44,28899898
2017-01-11,11.39,11.41,11.15,11.2,37167286
2017-01-12,10.98,11.0376,10.33,10.76,72307088
2017-01-13,10.79,10.87,10.56,10.58,33132391
2017-01-17,10.17,10.23,9.78,9.82,66070160
2017-01-18,9.54,10.1,9.42,9.88,50324619
2017-01-19,9.92,10.25,9.75,9.77,45322975
2017-01-20,9.88,9.96,9.67,9.75,26893060
2017-01-23,9.68,10.06,9.68,9.91,26455394
2017-01-24,9.95,10.49,9.95,10.44,43189990
2017-01-25,10.74,10.975,10.15,10.35,61533375
2017-01-26,10.35,10.66,10.3,10.52,35401408
2017-01-27,10.6,10.73,10.52,10.67,32034218
2017-01-30,10.62,10.68,10.3,10.61,36855517
2017-01-31,10.6,10.67,10.22,10.37,44578800
2017-02-01,10.9,12.14,10.81,12.06,165164858
2017-02-02,11.98,12.66,11.95,12.28,113413968
2017-02-03,12.37,12.5,12.04,12.24,60036740
2017-02-06,12.46,13.7,12.38,13.63,138168761
2017-02-07,14.05,14.27,13.06,13.29,155917253
2017-02-08,13.21,13.75,13.08,13.56,70150768
2017-02-09,13.78,13.89,13.4,13.42,70774545
2017-02-10,13.86,13.86,13.25,13.58,53598536
2017-02-13,13.7,13.95,13.38,13.49,55248909
2017-02-14,13.43,13.49,13.19,13.26,39788706
2017-02-15,13.2,13.44,13.15,13.3,31949018
2017-02-16,13.25,13.35,12.84,12.97,51334550
2017-02-17,12.79,13.14,12.6,13.13,39083813
2017-02-21,13.41,14.1,13.4,14,65418163
2017-02-22,14.3,14.5,14.04,14.28,70623241
2017-02-23,14.2,14.45,13.82,14.32,78310347
2017-02-24,14,14.32,13.86,14.12,45593112
2017-02-27,14.27,15.35,14.27,15.22,92927926
2017-02-28,15.45,15.55,14.35,14.46,128574042
2017-03-01,15.08,15.09,14.52,14.96,71114675
2017-03-02,14.59,14.78,13.87,13.9,100814623
2017-03-03,13.55,13.58,12.79,13.03,161199137
2017-03-06,13,13.34,12.38,13.04,114792418
2017-03-07,13.07,13.37,12.79,13.05,73921703
2017-03-08,13.25,13.55,13.1,13.22,69814250
2017-03-09,13.45,13.45,13.11,13.33,44266442
2017-03-10,13.5,13.93,13.45,13.91,61697714
2017-03-13,14.42,14.68,14.18,14.28,73078146
2017-03-14,14,14.15,13.6401,14.1,52554505
2017-03-15,14.03,14.06,13.62,13.98,55179561
2017-03-16,13.79,13.88,13.65,13.65,44494793
2017-03-17,13.62,13.74,13.36,13.49,149705800
2017-03-20,13.68,14.5,13.54,14.4,91565591
2017-03-21,14.4,14.49,13.78,13.82,72552725
2017-03-22,13.7,14.145,13.55,14.1,61239502
2017-03-23,13.96,14.115,13.77,13.79,44549945
2017-03-24,14.16,14.18,13.54,13.7,49501091
2017-03-27,13.35,13.78,13.21,13.7,41757929
2017-03-28,13.75,13.86,13.55,13.69,35893910
2017-03-29,13.74,13.87,13.63,13.71,36975598
2017-03-30,13.73,14.05,13.65,14.05,43573330
2017-03-31,14.1,14.75,14.01,14.55,83376352
2017-04-03,14.6,14.74,14.3,14.64,48423677
2017-04-04,14.31,14.67,14.03,14.16,57042129
2017-04-05,14.28,14.64,14.1,14.17,57744403
2017-04-06,13.42,13.46,12.83,13.27,138372183
2017-04-07,13.33,13.68,13.22,13.52,70440981
2017-04-10,13.52,13.59,13.04,13.1,45229095
2017-04-11,13.02,13.29,12.71,13.1,59916607
2017-04-12,12.94,13.1,12.74,12.76,36518982
2017-04-13,12.505,12.72,12.22,12.31,52287784
2017-04-17,12.53,12.8,12.37,12.79,37379843
2017-04-18,12.63,12.97,12.58,12.95,35233041
2017-04-19,13.09,13.205,12.8,12.84,35983047
2017-04-20,12.98,13.15,12.88,13.11,41299757
2017-04-21,13.08,13.12,12.9,13,25419209
2017-04-24,13.23,13.23,13.045,13.13,36092751
2017-04-25,13.24,13.525,13.16,13.49,35802709
2017-04-26,13.42,13.53,13.22,13.41,36614767
2017-04-27,13.43,13.7,13.37,13.62,31148375
2017-04-28,13.73,13.755,13.16,13.3,50375992
2017-05-01,13.43,13.63,13.25,13.62,65047117
2017-05-02,11.73,11.76,10.3,10.32,267705403
2017-05-03,10.29,10.68,9.85,10.39,140841166
2017-05-04,10.55,10.55,9.94,10.1,76967538
2017-05-05,10.13,10.26,9.94,10.19,51758963
2017-05-08,10.22,10.22,10,10.04,35071224
2017-05-09,10.04,10.4,10.04,10.18,50011504
2017-05-10,10.455,10.85,10.45,10.79,65899501
2017-05-11,10.74,11.26,10.51,11.07,72881097
2017-05-12,11.2,11.4,11.08,11.26,55976583
2017-05-15,11.41,11.6,11.3,11.42,52473073
2017-05-16,11.66,12.77,11.63,12.75,161771067
2017-05-17,11.81,12.2855,11.16,11.2,159893127
2017-05-18,10.99,11.49,10.81,11.275,86900076
2017-05-19,11.47,11.62,11.35,11.41,50220591
2017-05-22,11.49,11.55,10.77,11.04,78625589
2017-05-23,10.97,11.055,10.62,10.89,49716239
2017-05-24,11.05,11.06,10.71,10.89,42957387
2017-05-25,11.01,11.01,10.8,10.98,33525600
2017-05-26,10.85,11.02,10.74,11,31845135
2017-05-30,10.95,11.27,10.9,11.12,35287674
2017-05-31,11.29,11.49,11.1,11.19,42908097
2017-06-01,11.25,11.285,10.81,10.93,47947064
2017-06-02,10.93,10.96,10.565,10.9,43002083
2017-06-05,10.84,11.34,10.8,11.24,66157975
2017-06-06,11.27,12.24,11.24,12.03,114600678
2017-06-07,12.42,12.96,12.2348,12.38,150728267
2017-06-08,12.81,12.91,12.4,12.9,89243317
2017-06-09,13.1,13.4,11.63,12.28,167270103
2017-06-12,11.75,12.35,11.27,12.09,125626185
2017-06-13,12.33,12.48,11.67,11.96,87172509
2017-06-14,11.91,12.05,11.65,11.77,51683964
2017-06-15,11.34,11.58,11.21,11.5,61476257
2017-06-16,11.66,11.83,11.28,11.44,59708146
2017-06-19,11.63,12.12,11.62,11.93,61642539
2017-06-20,12.19,12.93,12.18,12.64,117711920
2017-06-21,13.36,14.01,13.13,13.98,188796125
2017-06-22,14.1,14.5,13.56,14.38,149207068
2017-06-23,14.15,14.67,13.9,14.17,200373005
2017-06-26,14.39,14.49,13.84,14.08,100545411
2017-06-27,13.76,14.04,13.37,13.4,89133828
2017-06-28,13.65,13.7,13.09,13.23,85013305
2017-06-29,13.06,13.15,12.45,12.6,87338075
2017-06-30,12.57,12.83,12.36,12.48,59180016
2017-07-03,12.57,12.73,12.13,12.15,39929101
2017-07-05,12.36,13.21,12.32,13.19,99209738
2017-07-06,12.94,13.32,12.665,13.03,88814772
2017-07-07,13.27,13.745,13.18,13.36,88174591
2017-07-10,13.61,13.88,13.27,13.81,78252037
2017-07-11,13.77,14.099,13.62,13.89,71003740
2017-07-12,14.17,14.39,13.96,14.29,78355922
2017-07-13,14.33,14.49,13.43,13.53,111438130
2017-07-14,13.46,13.93,13.32,13.92,82022130
2017-07-17,14.03,14.12,13.51,13.8,71641512
2017-07-18,13.29,13.53,13.15,13.49,78204408
2017-07-19,13.62,13.74,13.41,13.55,51870967
2017-07-20,13.61,13.89,13.45,13.8,47523453
2017-07-21,13.7,14.05,13.62,13.88,50976976
2017-07-24,14,14.44,13.97,14.16,70777161
2017-07-25,14.2895,14.32,13.87,14.11,94014844
2017-07-26,15.13,15.65,14.4,14.76,235646236
2017-07-27,14.99,15.04,13.7,14.13,130104749
2017-07-28,13.845,14.1,13.68,13.95,66580431
2017-07-31,14.09,14.22,13.47,13.61,69001191
2017-08-01,13.72,13.86,13.45,13.71,48928071
2017-08-02,13.81,13.93,13.12,13.37,67332702
2017-08-03,13.42,13.52,13.08,13.24,52425764
2017-08-04,13.2,13.36,13.02,13.12,64103626
2017-08-07,13.33,13.57,13.27,13.425,57375227
2017-08-08,13.48,13.55,13.08,13.11,47081662
2017-08-09,12.76,12.89,12.54,12.8208,58782279
2017-08-10,12.7,12.92,12.11,12.12,82648109
2017-08-11,12.04,12.39,11.88,12.23,63473185
2017-08-14,12.58,12.845,12.58,12.76,64308808
2017-08-15,13.01,13.14,12.75,13.02,57812932
2017-08-16,13.17,13.19,12.52,12.63,64503191
2017-08-17,12.46,12.65,12.32,12.34,47230689
2017-08-18,12.43,12.555,12.25,12.37,37459805
2017-08-21,12.42,12.42,11.86,12.05,58792401
2017-08-22,12.2,12.33,12.1,12.17,38961337
2017-08-23,12,12.535,11.95,12.48,44207537
2017-08-24,12.69,12.71,12.39,12.5,37163550
2017-08-25,12.51,12.57,12.25,12.43,29661514
2017-08-28,12.53,12.55,12.16,12.23,35484175
2017-08-29,12,12.18,11.93,12.15,33508830
2017-08-30,12.19,12.68,12.16,12.67,43802289
2017-08-31,12.82,13.16,12.79,13,51636102
2017-09-01,13.12,13.485,13.04,13.19,53095378
2017-09-05,12.88,13.18,12.65,12.92,51496401
2017-09-06,13.02,13.08,12.75,12.86,34000406
2017-09-07,12.84,12.94,12.6,12.63,35721442
2017-09-08,12.5712,12.61,12.035,12.25,60748667
2017-09-11,12.46,12.74,12.4001,12.55,43204448
2017-09-12,12.66,12.68,12.213,12.3,54323864
2017-09-13,12.22,12.36,12.12,12.22,37122138
2017-09-14,12.15,12.46,12.11,12.26,37013783
2017-09-15,12.33,12.66,12.31,12.52,50224464
2017-09-18,12.77,13.3,12.74,13.08,83103077
2017-09-19,13.25,13.29,12.88,13.12,65370450
2017-09-20,13.07,13.8,12.8,13.74,98377649
2017-09-21,14,14.24,13.32,13.41,166324348
2017-09-22,13.2,13.4,13.12,13.3,50323055
2017-09-25,13.25,13.28,12.49,12.61,83976618
2017-09-26,12.85,12.93,12.43,12.45,68190762
2017-09-27,12.65,12.87,12.5,12.74,59792884
2017-09-28,12.76,12.84,12.55,12.74,35755597
2017-09-29,12.765,12.82,12.6,12.75,33762281
2017-10-02,12.8,12.85,12.62,12.71,34406076
2017-10-03,12.73,13.48,12.7,13.42,84935249
2017-10-04,13.31,13.5,13.15,13.31,42169795
2017-10-05,13.38,13.46,13.21,13.34,34633452
2017-10-06,13.22,13.39,13.18,13.23,28165947
2017-10-09,13.26,13.83,13.26,13.47,53878539
2017-10-10,13.72,13.79,13.44,13.7,43207717
2017-10-11,13.62,13.96,13.61,13.88,38598552
2017-10-12,13.85,14.37,13.81,14.2,69532270
2017-10-13,14.32,14.41,14.12,14.22,37325954
2017-10-16,14.25,14.35,14.12,14.26,34065932
2017-10-17,14.24,14.345,14.135,14.16,28902432
2017-10-18,14.2,14.279,13.76,14.07,38945171
2017-10-19,13.85,14.04,13.69,13.95,33737612
2017-10-20,14.03,14.09,13.8,13.81,32453370
2017-10-23,13.94,14.19,13.8999,14.1,49720401
2017-10-24,14.2,14.36,14.15,14.25,80837589
2017-10-25,12.95,13.13,12.29,12.33,166437384
2017-10-26,12.45,12.46,12,12.005,87310963
2017-10-27,12.17,12.19,11.35,11.84,115538944
2017-10-30,11.255,11.42,10.65,10.89,137785101
2017-10-31,10.76,11.31,10.69,10.985,78600023
2017-11-01,11.25,11.29,10.72,10.8,66875483
2017-11-02,10.87,10.99,10.66,10.85,47942464
2017-11-03,10.95,11.13,10.82,11.12,44264291
2017-11-06,12.04,12.09,11.64,11.93,96064339
2017-11-07,11.94,12.27,11.94,12.05,67788385
2017-11-08,11.94,11.95,11.51,11.71,58773505
2017-11-09,11.25,11.35,11.03,11.12,76576274
2017-11-10,11.22,11.43,11.115,11.26,50153776
2017-11-13,11.18,11.2,10.92,11.09,54006314
2017-11-14,11.03,11.26,11,11.12,37197595
2017-11-15,11.01,11.13,10.77,11.07,33427703
2017-11-16,11.13,11.32,11.13,11.25,31760990
2017-11-17,11.3,11.75,11.28,11.38,56712587
2017-11-20,11.47,11.505,11.19,11.34,35891454
2017-11-21,11.421,11.49,11.24,11.4,31807690
2017-11-22,11.41,11.49,11.3,11.37,23789918
2017-11-24,11.38,11.42,11.3,11.38,11035758
2017-11-27,11.34,11.74,11.3358,11.55,41766917
2017-11-28,11.45,11.54,11,11.17,65252148
2017-11-29,11.08,11.17,10.73,10.83,63279086
2017-11-30,10.87,11.03,10.76,10.89,43119884
2017-12-01,10.81,10.97,10.53,10.73,42086798
2017-12-04,10.85,10.86,9.82,10.03,97183293
2017-12-05,9.89,10.34,9.7,9.91,67182908
2017-12-06,9.9,10.05,9.71,10,38832533
2017-12-07,10.0705,10.19,9.95,10.04,32553083
2017-12-08,10.15,10.2,9.92,9.92,34840299
2017-12-11,9.97,10.16,9.96,10.16,29910055
2017-12-12,10.13,10.14,9.88,9.9,36140084
2017-12-13,9.97,10.21,9.95,10.11,41384326
2017-12-14,10.1,10.17,9.96,10.12,28984934
2017-12-15,10.13,10.32,10.02,10.29,45428770
2017-12-18,10.6,11,10.51,10.98,63703053
2017-12-19,11,11.19,10.87,10.945,43682786
2017-12-20,11.1,11.18,10.8,10.98,31383470
2017-12-21,10.98,11.0793,10.87,10.89,21844176
2017-12-22,10.75,10.77,10.2,10.53,50686034
2017-12-26,10.38,10.579,10.34,10.46,20414604
2017-12-27,10.45,10.74,10.4,10.53,22860659
2017-12-28,10.57,10.64,10.43,10.55,18557836
2017-12-29,10.57,10.58,10.27,10.28,26612209
2018-01-02,10.42,11.02,10.34,10.98,43885015
2018-01-03,11.61,12.14,11.36,11.55,153336333
2018-01-04,12.095,12.43,11.97,12.12,109314694
2018-01-05,12.19,12.22,11.66,11.88,63654090
2018-01-08,12.01,12.3,11.85,12.28,63163299
2018-01-09,12,12.02,11.71,11.82,62433182
2018-01-10,11.63,12.15,11.56,11.96,52357706
2018-01-11,12.07,12.19,11.9001,12.14,37451251
2018-01-12,11.82,12.07,11.8,12.02,46997926
2018-01-16,12.05,12.2,11.8,11.91,41897666
2018-01-17,11.9,12.19,11.82,12.18,38920795
2018-01-18,12.18,12.68,12.15,12.47,62005453
2018-01-19,12.56,12.88,12.54,12.59,46283871
2018-01-22,12.61,12.74,12.37,12.65,34662833
2018-01-23,12.82,12.995,12.76,12.94,46358020
2018-01-24,13.02,13.05,12.6,12.71,41869597
2018-01-25,12.78,12.94,12.32,12.41,42615277
2018-01-26,12.7,12.95,12.62,12.95,43714731
2018-01-29,13.13,13.47,13.05,13.32,66280905
2018-01-30,13.12,13.27,12.69,12.87,89164861
2018-01-31,13.24,13.85,13.15,13.74,140610868
2018-02-01,13.62,13.84,13.21,13.25,67224190
2018-02-02,13.05,13.06,12.43,12.45,79237400
2018-02-05,12.05,12.18,10.93,11.57,116159766
2018-02-06,11.04,11.74,11,11.65,87123202
2018-02-07,11.7,11.9,11.53,11.59,55587058
2018-02-08,11.72,11.85,11.21,11.22,56227066
2018-02-09,11.54,11.56,10.63,11.31,85330916
2018-02-12,11.47,11.8,11.43,11.68,62938392
2018-02-13,11.6,11.82,11.53,11.78,32382129
2018-02-14,11.72,12.31,11.63,12.2,51708226
2018-02-15,12.4,12.625,12.07,12.19,57762873
2018-02-16,12.11,12.225,11.82,11.82,47247051
2018-02-20,11.72,12.19,11.71,12.025,47048725
2018-02-21,12.12,12.12,11.72,11.72,40078367
2018-02-22,11.82,11.995,11.63,11.84,37826738
2018-02-23,11.95,12.16,11.94,12.07,33281746
2018-02-26,12.14,12.43,12.05,12.42,42116138
2018-02-27,12.43,12.88,12.39,12.53,55975268
